alert_id,vehicle_id,alert_time,alert_type,severity,message,resolved,resolved_at
1,31,2024-09-18 20:46:48,battery_low,medium,Battery Low on BMW i3,True,2024-09-19 19:30:32
2,33,2024-05-29 03:48:23,overtemp,low,Overtemp on Hyundai Ioniq 5,True,2024-05-31 09:05:25
3,19,2023-12-24 05:57:11,overtemp,high,Overtemp on Volkswagen ID.3,True,2023-12-24 10:08:53
4,15,2023-06-23 04:00:59,charging_error,high,Charging Error on Volkswagen ID.3,True,2023-06-25 20:05:16
5,40,2023-02-18 20:03:50,charging_error,critical,Charging Error on Nissan Leaf,False,
6,11,2024-01-12 16:21:38,overtemp,critical,Overtemp on Hyundai Ioniq 6,True,2024-01-13 04:40:34
7,18,2024-07-10 08:18:17,battery_low,low,Battery Low on Volkswagen ID.3,True,2024-07-12 07:50:45
8,38,2023-07-13 04:06:07,fault,medium,Fault on BYD Han,True,2023-07-15 04:52:29
9,45,2023-01-08 04:17:15,overtemp,low,Overtemp on Tesla Model S,True,2023-01-10 15:36:04
10,15,2024-09-22 08:00:08,fault,low,Fault on Volkswagen ID.3,True,2024-09-23 19:53:47
11,35,2023-08-12 05:41:37,charging_error,low,Charging Error on Nissan Ariya,False,
12,36,2024-03-03 17:43:20,fault,high,Fault on Hyundai Ioniq 6,False,
13,19,2023-07-06 12:04:24,fault,medium,Fault on Volkswagen ID.3,True,2023-07-06 22:11:09
14,15,2023-07-15 12:24:17,charging_error,medium,Charging Error on Volkswagen ID.3,True,2023-07-16 00:45:11
15,36,2023-10-30 04:38:58,battery_low,low,Battery Low on Hyundai Ioniq 6,True,2023-10-30 09:46:43
16,50,2024-02-03 16:16:25,overtemp,low,Overtemp on BYD Han,True,2024-02-05 14:49:38
17,42,2024-04-13 16:16:59,charging_error,critical,Charging Error on BYD Han,True,2024-04-15 07:56:12
18,17,2024-10-24 06:17:26,charging_error,medium,Charging Error on Volkswagen ID.3,True,2024-10-27 05:09:39
19,46,2023-07-26 12:55:28,maintenance,low,Maintenance on Volkswagen ID.4,True,2023-07-27 10:45:34
20,34,2023-06-18 04:08:07,charging_error,high,Charging Error on Tesla Model 3,True,2023-06-18 19:02:37
21,22,2024-07-02 02:16:42,battery_low,medium,Battery Low on Hyundai Ioniq 5,True,2024-07-03 22:55:33
22,47,2023-01-01 08:54:16,overtemp,medium,Overtemp on Hyundai Ioniq 6,True,2023-01-01 13:38:12
23,30,2024-12-08 13:07:31,maintenance,low,Maintenance on Nissan Ariya,False,
24,40,2024-09-18 16:12:50,fault,medium,Fault on Nissan Leaf,True,2024-09-18 17:14:38
25,25,2024-01-05 22:08:10,fault,high,Fault on BMW iX,True,2024-01-08 00:49:49
26,22,2024-11-29 09:27:30,fault,medium,Fault on Hyundai Ioniq 5,True,2024-11-30 03:22:33
27,18,2023-08-18 17:16:19,maintenance,low,Maintenance on Volkswagen ID.3,True,2023-08-19 11:47:37
28,34,2024-05-13 00:18:53,overtemp,critical,Overtemp on Tesla Model 3,False,
29,23,2024-09-18 16:39:41,overtemp,low,Overtemp on Rivian R1T,True,2024-09-19 17:14:40
30,26,2023-03-14 00:07:09,charging_error,low,Charging Error on BYD Atto 3,True,2023-03-15 04:22:13
31,43,2023-04-21 06:13:12,charging_error,high,Charging Error on BYD Tang,True,2023-04-21 19:56:27
32,32,2024-01-11 21:06:54,charging_error,medium,Charging Error on Rivian R1S,True,2024-01-12 11:42:18
33,47,2023-01-11 13:28:14,fault,medium,Fault on Hyundai Ioniq 6,True,2023-01-12 17:57:01
34,32,2024-09-05 07:08:03,battery_low,low,Battery Low on Rivian R1S,True,2024-09-07 04:43:49
35,10,2023-08-05 11:32:54,fault,low,Fault on Volkswagen ID.4,True,2023-08-05 14:44:35
36,46,2024-09-01 23:51:29,maintenance,medium,Maintenance on Volkswagen ID.4,False,
37,7,2024-02-11 19:07:52,charging_error,low,Charging Error on Volkswagen ID.4,True,2024-02-13 03:08:50
38,43,2023-12-08 05:42:35,charging_error,medium,Charging Error on BYD Tang,True,2023-12-09 23:07:57
39,3,2024-02-16 12:04:18,overtemp,critical,Overtemp on BMW i3,True,2024-02-17 04:44:25
40,40,2024-12-07 17:19:34,overtemp,low,Overtemp on Nissan Leaf,True,2024-12-08 12:39:27
41,4,2024-06-14 16:02:44,maintenance,low,Maintenance on BMW iX,True,2024-06-15 04:26:06
42,14,2024-02-21 21:43:55,battery_low,low,Battery Low on Hyundai Ioniq 6,True,2024-02-23 01:38:51
43,3,2024-04-13 22:04:08,maintenance,low,Maintenance on BMW i3,True,2024-04-16 08:51:45
44,50,2024-12-09 06:03:18,charging_error,medium,Charging Error on BYD Han,False,
45,13,2023-09-26 16:43:33,fault,low,Fault on BMW iX,True,2023-09-28 02:07:52
46,43,2024-09-13 18:19:28,charging_error,high,Charging Error on BYD Tang,True,2024-09-16 06:14:11
47,1,2024-12-21 18:27:30,maintenance,medium,Maintenance on BMW i3,False,
48,36,2023-09-10 02:55:42,battery_low,medium,Battery Low on Hyundai Ioniq 6,True,2023-09-10 19:03:07
49,26,2024-03-27 15:54:26,battery_low,low,Battery Low on BYD Atto 3,True,2024-03-29 10:49:47
50,42,2023-05-26 22:17:22,maintenance,medium,Maintenance on BYD Han,True,2023-05-27 07:31:11
51,49,2023-05-24 12:41:23,maintenance,medium,Maintenance on BMW i3,True,2023-05-25 07:57:42
52,27,2024-07-16 21:40:27,maintenance,high,Maintenance on Hyundai Kona EV,False,
53,9,2024-08-09 04:25:00,charging_error,medium,Charging Error on Nissan Leaf,True,2024-08-11 09:16:12
54,38,2023-09-20 22:25:44,overtemp,high,Overtemp on BYD Han,True,2023-09-23 02:15:09
55,16,2024-02-11 05:21:43,fault,low,Fault on Nissan Leaf,True,2024-02-12 10:49:15
56,43,2024-05-17 21:51:02,overtemp,critical,Overtemp on BYD Tang,True,2024-05-17 22:41:35
57,2,2023-09-03 02:41:06,fault,low,Fault on Volkswagen ID.3,True,2023-09-05 10:26:07
58,17,2023-10-12 02:20:19,charging_error,low,Charging Error on Volkswagen ID.3,True,2023-10-14 05:36:50
59,31,2023-12-16 11:46:54,battery_low,medium,Battery Low on BMW i3,False,
60,14,2024-11-14 04:00:04,maintenance,high,Maintenance on Hyundai Ioniq 6,True,2024-11-15 02:58:50
61,14,2024-05-02 17:20:05,overtemp,low,Overtemp on Hyundai Ioniq 6,True,2024-05-03 06:19:26
62,39,2024-12-06 21:26:44,battery_low,low,Battery Low on Nissan Leaf,True,2024-12-07 13:08:35
63,12,2023-05-16 02:04:36,maintenance,medium,Maintenance on Nissan Leaf,True,2023-05-17 11:55:48
64,22,2023-11-30 20:18:41,fault,low,Fault on Hyundai Ioniq 5,True,2023-12-02 17:47:49
65,16,2023-08-06 17:47:14,overtemp,high,Overtemp on Nissan Leaf,True,2023-08-08 07:52:01
66,40,2024-12-19 16:47:31,battery_low,low,Battery Low on Nissan Leaf,True,2024-12-20 10:00:48
67,33,2023-06-27 17:53:14,fault,low,Fault on Hyundai Ioniq 5,True,2023-06-28 05:19:06
68,33,2023-01-02 03:27:20,fault,medium,Fault on Hyundai Ioniq 5,True,2023-01-03 00:50:10
69,42,2023-01-20 02:10:58,maintenance,medium,Maintenance on BYD Han,False,
70,14,2023-12-18 04:10:12,maintenance,low,Maintenance on Hyundai Ioniq 6,False,
71,47,2023-07-10 14:27:46,battery_low,low,Battery Low on Hyundai Ioniq 6,True,2023-07-11 08:18:17
72,20,2024-03-21 08:22:44,overtemp,medium,Overtemp on Hyundai Kona EV,True,2024-03-23 16:54:09
73,15,2023-04-20 17:50:12,fault,high,Fault on Volkswagen ID.3,True,2023-04-21 16:08:08
74,40,2024-03-17 23:21:50,maintenance,low,Maintenance on Nissan Leaf,True,2024-03-19 07:45:02
75,42,2023-11-28 10:06:18,maintenance,high,Maintenance on BYD Han,False,
76,6,2023-10-15 09:09:49,battery_low,high,Battery Low on Nissan Leaf,False,
77,43,2024-12-04 18:37:55,battery_low,low,Battery Low on BYD Tang,True,2024-12-07 09:14:14
78,32,2023-04-21 13:18:14,maintenance,high,Maintenance on Rivian R1S,True,2023-04-22 22:53:28
79,8,2024-08-06 18:06:22,battery_low,medium,Battery Low on Nissan Ariya,False,
80,23,2023-02-14 04:41:23,overtemp,critical,Overtemp on Rivian R1T,True,2023-02-16 07:42:53
81,30,2024-02-04 17:54:51,battery_low,low,Battery Low on Nissan Ariya,True,2024-02-06 16:21:23
82,38,2024-06-20 04:17:05,battery_low,low,Battery Low on BYD Han,True,2024-06-20 22:51:00
83,41,2023-08-03 16:00:40,fault,low,Fault on Volkswagen ID.3,True,2023-08-04 22:37:58
84,2,2024-03-04 19:57:11,battery_low,critical,Battery Low on Volkswagen ID.3,False,
85,34,2024-06-06 21:55:02,maintenance,low,Maintenance on Tesla Model 3,True,2024-06-08 17:08:00
86,43,2023-10-20 19:19:50,overtemp,medium,Overtemp on BYD Tang,True,2023-10-22 14:50:57
87,2,2024-08-03 00:18:15,charging_error,medium,Charging Error on Volkswagen ID.3,True,2024-08-05 07:38:30
88,1,2024-08-19 20:42:24,fault,low,Fault on BMW i3,True,2024-08-20 18:15:31
89,5,2024-09-05 04:01:42,battery_low,high,Battery Low on Hyundai Kona EV,True,2024-09-06 01:45:40
90,30,2024-05-18 18:48:11,overtemp,high,Overtemp on Nissan Ariya,False,
91,18,2024-12-25 20:43:50,maintenance,low,Maintenance on Volkswagen ID.3,True,2024-12-26 14:19:22
92,20,2024-01-02 07:51:15,overtemp,critical,Overtemp on Hyundai Kona EV,True,2024-01-03 16:38:48
93,49,2023-11-07 08:15:08,overtemp,low,Overtemp on BMW i3,False,
94,42,2023-09-28 19:28:30,battery_low,low,Battery Low on BYD Han,True,2023-09-29 15:31:26
95,32,2023-03-13 04:36:25,maintenance,critical,Maintenance on Rivian R1S,True,2023-03-15 14:47:05
96,2,2023-06-07 15:59:20,fault,high,Fault on Volkswagen ID.3,True,2023-06-10 11:04:40
97,22,2023-08-21 23:18:15,maintenance,high,Maintenance on Hyundai Ioniq 5,False,
98,11,2024-06-03 03:24:36,maintenance,medium,Maintenance on Hyundai Ioniq 6,False,
99,10,2024-11-02 14:00:37,battery_low,medium,Battery Low on Volkswagen ID.4,True,2024-11-04 13:34:38
100,1,2023-03-18 06:07:40,charging_error,low,Charging Error on BMW i3,True,2023-03-20 03:16:20
101,30,2024-10-04 10:27:42,overtemp,medium,Overtemp on Nissan Ariya,True,2024-10-06 02:43:49
102,47,2023-10-16 13:55:14,charging_error,low,Charging Error on Hyundai Ioniq 6,True,2023-10-18 23:47:38
103,11,2024-10-07 17:58:49,maintenance,medium,Maintenance on Hyundai Ioniq 6,False,
104,31,2023-11-03 15:17:45,overtemp,low,Overtemp on BMW i3,True,2023-11-04 20:43:10
105,34,2023-07-19 12:09:01,charging_error,medium,Charging Error on Tesla Model 3,True,2023-07-21 20:59:34
106,46,2023-08-05 22:48:09,overtemp,low,Overtemp on Volkswagen ID.4,False,
107,11,2023-12-22 11:38:38,battery_low,critical,Battery Low on Hyundai Ioniq 6,True,2023-12-24 05:22:33
108,48,2024-03-13 18:28:51,charging_error,critical,Charging Error on Tesla Model 3,False,
109,4,2024-02-24 07:17:17,overtemp,low,Overtemp on BMW iX,True,2024-02-25 15:17:13
110,44,2023-03-25 22:23:29,overtemp,medium,Overtemp on Volkswagen ID.3,True,2023-03-28 03:09:23
111,24,2023-04-02 21:11:08,battery_low,medium,Battery Low on BMW i3,False,
112,30,2024-02-02 19:29:55,charging_error,medium,Charging Error on Nissan Ariya,True,2024-02-03 18:36:16
113,21,2024-03-15 13:46:24,charging_error,high,Charging Error on Volkswagen ID.3,True,2024-03-17 20:41:20
114,7,2023-07-18 20:03:50,fault,low,Fault on Volkswagen ID.4,True,2023-07-20 15:36:15
115,23,2024-07-03 17:09:32,charging_error,low,Charging Error on Rivian R1T,True,2024-07-06 01:35:01
116,15,2024-11-14 10:39:24,battery_low,critical,Battery Low on Volkswagen ID.3,False,
117,46,2023-07-28 05:26:48,maintenance,low,Maintenance on Volkswagen ID.4,True,2023-07-29 10:39:11
118,32,2024-12-23 10:40:55,fault,low,Fault on Rivian R1S,True,2024-12-25 09:40:08
119,48,2024-04-18 17:39:52,battery_low,low,Battery Low on Tesla Model 3,True,2024-04-19 03:32:07
120,10,2024-01-03 18:40:22,maintenance,high,Maintenance on Volkswagen ID.4,False,
121,39,2024-09-08 11:25:48,charging_error,high,Charging Error on Nissan Leaf,True,2024-09-09 23:14:29
122,10,2024-12-15 15:35:36,battery_low,critical,Battery Low on Volkswagen ID.4,True,2024-12-15 18:33:49
123,30,2024-03-18 21:05:51,fault,low,Fault on Nissan Ariya,False,
124,25,2023-10-23 19:03:49,fault,low,Fault on BMW iX,True,2023-10-26 01:23:51
125,24,2024-08-19 10:19:45,battery_low,medium,Battery Low on BMW i3,True,2024-08-20 12:58:54
126,23,2024-06-14 14:45:37,maintenance,medium,Maintenance on Rivian R1T,True,2024-06-15 02:26:30
127,3,2023-03-23 18:03:51,battery_low,medium,Battery Low on BMW i3,False,
128,44,2023-12-04 14:42:59,charging_error,critical,Charging Error on Volkswagen ID.3,True,2023-12-06 05:30:42
129,31,2024-11-02 05:45:38,charging_error,high,Charging Error on BMW i3,True,2024-11-03 18:07:23
130,48,2023-07-23 13:58:46,fault,low,Fault on Tesla Model 3,True,2023-07-24 09:20:03
131,8,2023-10-01 04:44:16,charging_error,low,Charging Error on Nissan Ariya,True,2023-10-02 02:17:41
132,27,2023-08-18 10:07:28,maintenance,medium,Maintenance on Hyundai Kona EV,True,2023-08-19 21:51:45
133,8,2024-06-03 13:48:35,maintenance,low,Maintenance on Nissan Ariya,True,2024-06-04 00:04:18
134,29,2023-08-25 02:43:09,charging_error,low,Charging Error on Rivian R1T,True,2023-08-25 13:43:04
135,10,2023-01-13 16:02:51,fault,medium,Fault on Volkswagen ID.4,False,
136,23,2024-05-02 09:13:57,fault,high,Fault on Rivian R1T,True,2024-05-04 22:06:02
137,5,2023-04-11 10:57:37,overtemp,low,Overtemp on Hyundai Kona EV,True,2023-04-12 15:45:56
138,20,2024-10-11 08:15:02,charging_error,critical,Charging Error on Hyundai Kona EV,True,2024-10-13 09:25:50
139,8,2023-04-15 13:52:34,overtemp,medium,Overtemp on Nissan Ariya,True,2023-04-15 16:47:07
140,9,2023-01-08 14:16:51,fault,low,Fault on Nissan Leaf,True,2023-01-09 09:08:21
141,30,2023-10-28 18:52:18,fault,low,Fault on Nissan Ariya,False,
142,49,2024-11-28 16:16:00,fault,high,Fault on BMW i3,True,2024-12-01 03:04:48
143,9,2024-07-22 17:16:51,charging_error,low,Charging Error on Nissan Leaf,False,
144,21,2024-08-01 14:23:07,battery_low,medium,Battery Low on Volkswagen ID.3,True,2024-08-02 09:29:53
145,37,2024-02-06 21:05:43,overtemp,low,Overtemp on BYD Tang,True,2024-02-09 11:07:41
146,50,2024-10-25 16:43:04,maintenance,high,Maintenance on BYD Han,False,
147,21,2023-04-28 09:08:52,battery_low,high,Battery Low on Volkswagen ID.3,False,
148,17,2024-10-14 05:47:12,battery_low,medium,Battery Low on Volkswagen ID.3,True,2024-10-15 14:49:54
149,41,2024-10-06 12:52:35,battery_low,medium,Battery Low on Volkswagen ID.3,True,2024-10-07 07:29:57
150,25,2023-08-01 13:13:36,battery_low,medium,Battery Low on BMW iX,True,2023-08-02 16:31:38
151,33,2023-01-06 15:33:35,battery_low,low,Battery Low on Hyundai Ioniq 5,True,2023-01-06 18:56:52
152,42,2023-03-19 18:25:50,charging_error,high,Charging Error on BYD Han,True,2023-03-20 23:29:12
153,19,2023-05-17 08:19:41,fault,low,Fault on Volkswagen ID.3,True,2023-05-18 10:52:12
154,10,2024-12-13 12:14:42,overtemp,high,Overtemp on Volkswagen ID.4,True,2024-12-14 00:14:40
155,23,2024-12-07 22:41:22,maintenance,high,Maintenance on Rivian R1T,True,2024-12-08 15:06:28
156,20,2023-07-16 13:10:07,maintenance,medium,Maintenance on Hyundai Kona EV,False,
157,42,2023-05-15 10:48:12,fault,medium,Fault on BYD Han,True,2023-05-16 11:40:26
158,24,2024-05-13 22:07:55,battery_low,low,Battery Low on BMW i3,False,
159,3,2024-09-19 10:08:36,battery_low,low,Battery Low on BMW i3,True,2024-09-22 07:17:39
160,26,2024-09-15 00:34:08,charging_error,medium,Charging Error on BYD Atto 3,True,2024-09-17 07:32:32
161,29,2023-09-25 06:00:48,maintenance,medium,Maintenance on Rivian R1T,False,
162,23,2024-06-10 12:55:52,charging_error,medium,Charging Error on Rivian R1T,True,2024-06-12 01:47:33
163,42,2024-09-30 11:27:40,overtemp,low,Overtemp on BYD Han,True,2024-10-03 08:30:09
164,48,2024-09-11 22:27:31,battery_low,medium,Battery Low on Tesla Model 3,True,2024-09-14 08:10:52
165,38,2024-05-02 01:39:02,charging_error,low,Charging Error on BYD Han,True,2024-05-03 13:01:17
166,16,2023-11-14 12:59:43,maintenance,low,Maintenance on Nissan Leaf,True,2023-11-15 22:31:53
167,14,2023-03-05 19:56:37,charging_error,medium,Charging Error on Hyundai Ioniq 6,True,2023-03-08 16:38:55
168,10,2023-08-29 19:40:13,battery_low,medium,Battery Low on Volkswagen ID.4,False,
169,36,2023-03-08 14:41:25,fault,low,Fault on Hyundai Ioniq 6,False,
170,8,2024-08-20 19:02:22,fault,low,Fault on Nissan Ariya,True,2024-08-22 23:36:35
171,9,2024-09-20 23:48:08,battery_low,high,Battery Low on Nissan Leaf,True,2024-09-21 03:07:43
172,45,2023-01-31 22:43:41,charging_error,medium,Charging Error on Tesla Model S,True,2023-02-01 15:37:01
173,39,2024-07-20 23:49:55,battery_low,high,Battery Low on Nissan Leaf,True,2024-07-21 06:29:47
174,42,2024-01-05 05:11:39,battery_low,medium,Battery Low on BYD Han,True,2024-01-05 16:10:10
175,17,2024-12-10 09:49:01,fault,medium,Fault on Volkswagen ID.3,True,2024-12-11 18:53:29
176,49,2024-04-26 12:10:46,battery_low,high,Battery Low on BMW i3,True,2024-04-29 07:33:23
177,18,2024-09-29 01:02:58,maintenance,high,Maintenance on Volkswagen ID.3,True,2024-09-29 02:13:54
178,31,2024-07-01 06:34:09,overtemp,low,Overtemp on BMW i3,True,2024-07-01 12:46:08
179,13,2024-01-03 10:28:37,overtemp,critical,Overtemp on BMW iX,True,2024-01-04 10:44:36
180,28,2024-07-29 04:42:04,maintenance,low,Maintenance on Rivian R1T,True,2024-07-31 10:12:42
181,42,2024-08-04 11:58:17,charging_error,high,Charging Error on BYD Han,True,2024-08-05 00:57:56
182,43,2023-11-04 08:13:08,battery_low,low,Battery Low on BYD Tang,True,2023-11-04 23:17:44
183,6,2023-09-10 01:32:02,battery_low,low,Battery Low on Nissan Leaf,False,
184,48,2024-01-17 15:00:20,battery_low,low,Battery Low on Tesla Model 3,True,2024-01-17 16:41:00
185,30,2023-05-31 21:25:28,fault,low,Fault on Nissan Ariya,False,
186,9,2024-06-18 10:33:33,battery_low,critical,Battery Low on Nissan Leaf,True,2024-06-21 08:46:45
187,22,2024-05-10 14:44:10,fault,low,Fault on Hyundai Ioniq 5,False,
188,6,2024-05-30 03:59:14,fault,low,Fault on Nissan Leaf,False,
189,16,2023-11-06 14:10:07,maintenance,low,Maintenance on Nissan Leaf,True,2023-11-08 08:49:25
190,40,2024-03-28 15:10:32,charging_error,low,Charging Error on Nissan Leaf,True,2024-03-31 09:28:48
191,14,2023-12-29 20:34:12,maintenance,medium,Maintenance on Hyundai Ioniq 6,True,2023-12-31 03:24:09
192,36,2024-03-13 09:33:50,maintenance,low,Maintenance on Hyundai Ioniq 6,True,2024-03-13 11:27:39
193,12,2023-08-19 10:46:00,battery_low,high,Battery Low on Nissan Leaf,True,2023-08-19 12:50:37
194,18,2023-05-22 01:34:58,fault,low,Fault on Volkswagen ID.3,False,
195,33,2023-10-16 21:30:21,fault,medium,Fault on Hyundai Ioniq 5,True,2023-10-17 15:57:56
196,22,2024-10-24 15:04:25,maintenance,high,Maintenance on Hyundai Ioniq 5,True,2024-10-25 17:14:53
197,40,2023-12-07 11:47:41,overtemp,critical,Overtemp on Nissan Leaf,True,2023-12-07 22:20:40
198,15,2024-11-04 07:53:28,maintenance,medium,Maintenance on Volkswagen ID.3,True,2024-11-05 02:52:15
199,13,2024-03-15 09:46:30,maintenance,low,Maintenance on BMW iX,True,2024-03-17 10:54:09
200,7,2024-07-16 16:02:01,overtemp,low,Overtemp on Volkswagen ID.4,True,2024-07-18 19:13:39
201,16,2024-05-22 21:20:00,overtemp,low,Overtemp on Nissan Leaf,False,
202,19,2024-11-12 02:38:05,charging_error,high,Charging Error on Volkswagen ID.3,True,2024-11-12 18:31:58
203,33,2024-03-01 17:37:40,overtemp,high,Overtemp on Hyundai Ioniq 5,True,2024-03-03 00:05:05
204,3,2023-03-13 20:08:45,charging_error,high,Charging Error on BMW i3,True,2023-03-14 16:00:44
205,49,2024-03-20 12:58:19,charging_error,low,Charging Error on BMW i3,True,2024-03-23 09:43:06
206,27,2024-04-08 05:36:24,maintenance,high,Maintenance on Hyundai Kona EV,False,
207,5,2023-06-14 16:48:11,maintenance,high,Maintenance on Hyundai Kona EV,True,2023-06-17 13:46:49
208,33,2023-07-13 20:35:18,overtemp,low,Overtemp on Hyundai Ioniq 5,True,2023-07-15 02:05:50
209,42,2023-03-03 16:59:01,charging_error,low,Charging Error on BYD Han,False,
210,42,2024-01-08 18:22:17,battery_low,medium,Battery Low on BYD Han,True,2024-01-11 05:52:49
211,48,2023-02-27 02:07:14,battery_low,high,Battery Low on Tesla Model 3,True,2023-03-01 07:54:45
212,50,2023-09-27 21:28:36,fault,low,Fault on BYD Han,True,2023-09-29 16:52:34
213,48,2024-10-31 17:43:48,charging_error,medium,Charging Error on Tesla Model 3,True,2024-11-02 06:59:47
214,18,2023-07-16 09:19:14,battery_low,low,Battery Low on Volkswagen ID.3,False,
215,30,2023-02-09 17:56:16,charging_error,medium,Charging Error on Nissan Ariya,True,2023-02-10 19:35:37
216,25,2023-12-03 05:41:10,maintenance,low,Maintenance on BMW iX,True,2023-12-04 14:13:17
217,48,2023-05-01 15:50:48,battery_low,low,Battery Low on Tesla Model 3,True,2023-05-02 05:47:12
218,22,2024-09-23 09:36:19,battery_low,low,Battery Low on Hyundai Ioniq 5,True,2024-09-23 15:35:25
219,47,2024-09-24 10:20:12,overtemp,low,Overtemp on Hyundai Ioniq 6,True,2024-09-25 12:15:35
220,7,2023-07-02 17:08:33,overtemp,high,Overtemp on Volkswagen ID.4,True,2023-07-03 00:51:28
221,49,2024-01-18 17:11:54,battery_low,low,Battery Low on BMW i3,True,2024-01-18 21:54:58
222,30,2024-08-04 07:51:17,maintenance,medium,Maintenance on Nissan Ariya,True,2024-08-05 20:50:37
223,48,2024-01-27 03:53:19,battery_low,low,Battery Low on Tesla Model 3,True,2024-01-27 13:59:28
224,23,2023-08-13 08:58:32,charging_error,high,Charging Error on Rivian R1T,True,2023-08-14 00:53:57
225,25,2023-05-20 08:10:11,maintenance,critical,Maintenance on BMW iX,True,2023-05-21 02:13:10
226,39,2024-07-19 10:35:51,battery_low,low,Battery Low on Nissan Leaf,False,
227,28,2024-11-22 13:03:49,maintenance,medium,Maintenance on Rivian R1T,True,2024-11-24 05:53:12
228,19,2024-12-16 12:33:52,battery_low,critical,Battery Low on Volkswagen ID.3,True,2024-12-18 00:08:51
229,48,2024-07-31 12:50:58,fault,high,Fault on Tesla Model 3,True,2024-08-02 03:58:01
230,41,2024-02-02 17:53:04,maintenance,medium,Maintenance on Volkswagen ID.3,True,2024-02-05 00:43:34
231,45,2023-02-19 21:36:59,fault,critical,Fault on Tesla Model S,True,2023-02-20 11:17:23
232,9,2024-08-25 22:16:31,battery_low,low,Battery Low on Nissan Leaf,False,
233,37,2023-06-27 02:32:51,battery_low,medium,Battery Low on BYD Tang,True,2023-06-29 13:14:36
234,16,2023-10-01 02:47:37,charging_error,low,Charging Error on Nissan Leaf,True,2023-10-03 01:59:27
235,49,2024-09-19 12:27:30,maintenance,high,Maintenance on BMW i3,False,
236,25,2023-07-26 00:34:59,maintenance,low,Maintenance on BMW iX,True,2023-07-27 20:06:33
237,45,2024-05-01 00:37:05,fault,low,Fault on Tesla Model S,True,2024-05-03 20:39:50
238,41,2024-09-12 00:58:59,charging_error,low,Charging Error on Volkswagen ID.3,True,2024-09-13 14:11:28
239,32,2024-12-29 12:09:22,fault,medium,Fault on Rivian R1S,True,2024-12-30 00:08:02
240,44,2023-06-29 10:40:31,overtemp,medium,Overtemp on Volkswagen ID.3,False,
241,24,2023-06-04 09:07:03,overtemp,low,Overtemp on BMW i3,True,2023-06-07 04:21:21
242,9,2023-02-07 23:38:37,charging_error,low,Charging Error on Nissan Leaf,True,2023-02-09 06:40:01
243,1,2023-02-13 18:11:22,fault,high,Fault on BMW i3,True,2023-02-13 21:50:04
244,40,2023-01-17 01:49:28,battery_low,medium,Battery Low on Nissan Leaf,True,2023-01-18 17:38:51
245,26,2024-12-16 04:35:48,charging_error,low,Charging Error on BYD Atto 3,True,2024-12-17 02:11:40
246,35,2024-09-24 19:50:16,charging_error,low,Charging Error on Nissan Ariya,True,2024-09-25 05:03:57
247,36,2024-02-19 00:32:24,charging_error,medium,Charging Error on Hyundai Ioniq 6,True,2024-02-19 13:05:57
248,26,2024-06-16 23:51:56,fault,low,Fault on BYD Atto 3,True,2024-06-18 17:06:03
249,19,2023-02-06 10:06:47,charging_error,high,Charging Error on Volkswagen ID.3,True,2023-02-08 14:40:24
250,13,2023-11-09 20:03:31,overtemp,low,Overtemp on BMW iX,True,2023-11-11 06:27:42
251,8,2024-11-07 18:54:20,charging_error,low,Charging Error on Nissan Ariya,True,2024-11-10 17:08:43
252,37,2024-12-03 23:16:04,overtemp,low,Overtemp on BYD Tang,True,2024-12-04 01:57:11
253,1,2023-10-15 03:12:22,overtemp,critical,Overtemp on BMW i3,False,
254,16,2024-02-12 03:04:46,charging_error,low,Charging Error on Nissan Leaf,True,2024-02-14 19:04:40
255,43,2023-11-06 08:36:59,charging_error,low,Charging Error on BYD Tang,True,2023-11-06 17:03:29
256,18,2024-10-19 08:43:19,maintenance,medium,Maintenance on Volkswagen ID.3,False,
257,28,2023-08-09 12:56:44,maintenance,low,Maintenance on Rivian R1T,True,2023-08-11 03:34:43
258,18,2023-02-07 05:40:25,maintenance,medium,Maintenance on Volkswagen ID.3,True,2023-02-08 15:24:03
259,18,2024-01-15 06:25:15,overtemp,high,Overtemp on Volkswagen ID.3,False,
260,9,2024-01-04 00:01:17,charging_error,low,Charging Error on Nissan Leaf,True,2024-01-04 09:26:17
261,40,2024-03-09 08:31:56,overtemp,low,Overtemp on Nissan Leaf,False,
262,2,2024-01-27 20:07:18,maintenance,high,Maintenance on Volkswagen ID.3,False,
263,23,2024-10-02 00:36:50,maintenance,medium,Maintenance on Rivian R1T,True,2024-10-04 02:33:38
264,22,2024-01-10 15:55:36,fault,critical,Fault on Hyundai Ioniq 5,True,2024-01-12 16:37:15
265,19,2023-02-12 13:21:08,overtemp,medium,Overtemp on Volkswagen ID.3,True,2023-02-14 00:56:43
266,4,2024-08-22 02:30:21,battery_low,low,Battery Low on BMW iX,True,2024-08-24 06:34:04
267,50,2024-11-13 00:03:38,battery_low,low,Battery Low on BYD Han,True,2024-11-15 14:51:31
268,9,2024-12-26 01:48:32,battery_low,high,Battery Low on Nissan Leaf,True,2024-12-27 06:09:05
269,4,2024-01-11 23:01:33,overtemp,medium,Overtemp on BMW iX,True,2024-01-12 18:39:01
270,11,2024-06-11 17:29:15,charging_error,medium,Charging Error on Hyundai Ioniq 6,True,2024-06-12 15:09:33
271,36,2024-05-23 21:13:55,overtemp,high,Overtemp on Hyundai Ioniq 6,True,2024-05-24 05:18:20
272,23,2024-03-04 10:51:42,fault,low,Fault on Rivian R1T,True,2024-03-06 14:22:02
273,11,2024-06-27 16:29:00,battery_low,high,Battery Low on Hyundai Ioniq 6,True,2024-06-30 12:05:53
274,6,2023-11-07 14:54:25,fault,critical,Fault on Nissan Leaf,True,2023-11-08 22:29:34
275,47,2024-09-27 16:24:54,overtemp,medium,Overtemp on Hyundai Ioniq 6,True,2024-09-29 11:56:24
276,10,2023-07-14 16:08:26,fault,low,Fault on Volkswagen ID.4,False,
277,11,2023-03-30 02:20:36,battery_low,low,Battery Low on Hyundai Ioniq 6,True,2023-03-30 14:27:34
278,21,2023-07-07 17:00:25,battery_low,medium,Battery Low on Volkswagen ID.3,True,2023-07-08 07:45:39
279,50,2024-09-30 06:26:07,fault,low,Fault on BYD Han,True,2024-10-02 10:51:02
280,11,2023-09-23 20:53:44,maintenance,high,Maintenance on Hyundai Ioniq 6,True,2023-09-25 01:19:51
281,49,2024-04-30 05:21:53,charging_error,critical,Charging Error on BMW i3,True,2024-05-01 21:16:58
282,8,2024-10-12 03:39:27,overtemp,critical,Overtemp on Nissan Ariya,True,2024-10-14 08:14:46
283,17,2023-09-29 17:22:30,maintenance,medium,Maintenance on Volkswagen ID.3,True,2023-10-02 11:34:15
284,45,2023-01-04 21:56:07,maintenance,medium,Maintenance on Tesla Model S,True,2023-01-06 07:01:08
285,18,2024-11-03 17:48:25,charging_error,high,Charging Error on Volkswagen ID.3,False,
286,33,2023-08-17 08:31:05,battery_low,low,Battery Low on Hyundai Ioniq 5,True,2023-08-19 19:11:27
287,39,2024-05-06 22:59:00,charging_error,low,Charging Error on Nissan Leaf,True,2024-05-07 22:55:22
288,34,2024-04-29 12:43:51,maintenance,medium,Maintenance on Tesla Model 3,True,2024-05-01 17:36:01
289,10,2023-05-01 14:46:58,charging_error,medium,Charging Error on Volkswagen ID.4,True,2023-05-03 12:07:46
290,48,2024-09-21 21:29:52,maintenance,critical,Maintenance on Tesla Model 3,True,2024-09-21 22:18:05
291,4,2023-09-26 16:16:15,maintenance,critical,Maintenance on BMW iX,True,2023-09-27 18:53:26
292,29,2023-11-28 01:38:18,charging_error,medium,Charging Error on Rivian R1T,True,2023-11-29 08:01:38
293,7,2023-03-30 03:03:04,overtemp,medium,Overtemp on Volkswagen ID.4,False,
294,9,2023-05-17 18:35:42,overtemp,medium,Overtemp on Nissan Leaf,False,
295,38,2023-04-19 10:45:59,charging_error,medium,Charging Error on BYD Han,True,2023-04-21 04:48:04
296,12,2024-08-01 20:56:16,maintenance,high,Maintenance on Nissan Leaf,True,2024-08-03 03:12:32
297,30,2024-01-16 17:20:16,fault,medium,Fault on Nissan Ariya,True,2024-01-19 09:50:39
298,28,2024-02-15 10:34:50,maintenance,low,Maintenance on Rivian R1T,False,
299,15,2024-02-21 01:22:34,fault,high,Fault on Volkswagen ID.3,True,2024-02-21 11:28:44
300,20,2023-08-31 23:48:50,battery_low,critical,Battery Low on Hyundai Kona EV,True,2023-09-03 20:47:40
301,7,2024-08-16 17:07:53,maintenance,critical,Maintenance on Volkswagen ID.4,True,2024-08-18 00:57:41
302,42,2024-06-05 23:15:45,battery_low,low,Battery Low on BYD Han,False,
303,46,2023-07-05 16:56:07,charging_error,medium,Charging Error on Volkswagen ID.4,True,2023-07-06 16:36:16
304,45,2023-05-19 20:57:22,maintenance,low,Maintenance on Tesla Model S,True,2023-05-20 04:34:37
305,7,2023-08-19 15:00:56,maintenance,low,Maintenance on Volkswagen ID.4,True,2023-08-21 23:01:45
306,9,2024-10-29 19:36:24,fault,low,Fault on Nissan Leaf,True,2024-11-01 13:45:37
307,25,2023-03-28 14:39:53,overtemp,low,Overtemp on BMW iX,True,2023-03-31 14:36:25
308,10,2023-06-15 16:37:45,overtemp,low,Overtemp on Volkswagen ID.4,False,
309,23,2023-08-20 03:22:18,battery_low,medium,Battery Low on Rivian R1T,True,2023-08-20 23:05:48
310,26,2023-01-30 09:52:57,fault,low,Fault on BYD Atto 3,True,2023-01-31 04:26:32
311,34,2023-10-05 04:12:37,fault,low,Fault on Tesla Model 3,True,2023-10-07 04:04:49
312,40,2024-11-10 04:14:41,overtemp,high,Overtemp on Nissan Leaf,True,2024-11-10 20:59:04
313,36,2023-06-21 11:15:53,battery_low,low,Battery Low on Hyundai Ioniq 6,True,2023-06-23 05:16:07
314,13,2024-11-03 10:46:02,fault,low,Fault on BMW iX,True,2024-11-05 00:58:49
315,12,2024-11-24 14:34:06,charging_error,critical,Charging Error on Nissan Leaf,False,
316,24,2023-11-22 10:45:59,fault,high,Fault on BMW i3,True,2023-11-23 02:37:04
317,20,2023-05-05 05:56:59,maintenance,medium,Maintenance on Hyundai Kona EV,True,2023-05-07 11:13:43
318,1,2024-07-31 11:57:58,fault,low,Fault on BMW i3,True,2024-08-03 07:28:17
319,10,2024-11-21 23:19:28,fault,medium,Fault on Volkswagen ID.4,True,2024-11-22 20:49:51
320,25,2024-02-28 14:01:58,overtemp,low,Overtemp on BMW iX,True,2024-03-01 11:30:05
321,6,2024-05-30 07:17:28,overtemp,low,Overtemp on Nissan Leaf,True,2024-05-30 16:27:16
322,44,2023-04-23 19:35:45,overtemp,medium,Overtemp on Volkswagen ID.3,True,2023-04-25 20:12:45
323,38,2023-03-15 03:38:11,overtemp,low,Overtemp on BYD Han,False,
324,20,2023-05-26 14:59:21,charging_error,low,Charging Error on Hyundai Kona EV,False,
325,38,2023-12-21 14:48:38,maintenance,medium,Maintenance on BYD Han,True,2023-12-23 09:22:41
326,19,2024-10-21 23:11:46,fault,medium,Fault on Volkswagen ID.3,True,2024-10-24 00:37:18
327,22,2024-04-19 00:59:02,overtemp,low,Overtemp on Hyundai Ioniq 5,True,2024-04-19 14:32:08
328,47,2024-02-18 02:54:20,charging_error,medium,Charging Error on Hyundai Ioniq 6,True,2024-02-19 08:24:01
329,26,2023-09-23 14:46:11,charging_error,high,Charging Error on BYD Atto 3,True,2023-09-23 21:08:39
330,15,2024-02-05 11:59:04,overtemp,high,Overtemp on Volkswagen ID.3,False,
331,41,2023-08-01 08:20:39,fault,high,Fault on Volkswagen ID.3,True,2023-08-04 03:44:02
332,48,2023-05-20 11:51:13,charging_error,medium,Charging Error on Tesla Model 3,True,2023-05-22 01:29:15
333,25,2024-12-20 07:27:28,overtemp,high,Overtemp on BMW iX,True,2024-12-21 18:00:08
334,21,2023-11-16 02:27:34,battery_low,high,Battery Low on Volkswagen ID.3,False,
335,12,2023-03-27 17:08:09,overtemp,high,Overtemp on Nissan Leaf,True,2023-03-28 23:04:54
336,10,2024-05-02 20:02:29,maintenance,critical,Maintenance on Volkswagen ID.4,False,
337,35,2024-12-28 01:10:29,overtemp,high,Overtemp on Nissan Ariya,True,2024-12-28 23:13:23
338,31,2024-07-28 11:57:04,maintenance,critical,Maintenance on BMW i3,True,2024-07-31 09:09:02
339,46,2024-12-30 09:15:48,fault,medium,Fault on Volkswagen ID.4,True,2025-01-01 06:34:10
340,46,2023-04-20 11:20:32,maintenance,low,Maintenance on Volkswagen ID.4,True,2023-04-21 01:52:14
341,46,2024-10-12 20:59:16,overtemp,low,Overtemp on Volkswagen ID.4,True,2024-10-15 15:42:01
342,48,2023-04-07 09:47:31,charging_error,medium,Charging Error on Tesla Model 3,True,2023-04-09 01:13:50
343,36,2024-12-30 21:09:57,overtemp,high,Overtemp on Hyundai Ioniq 6,False,
344,23,2023-06-28 06:49:11,fault,low,Fault on Rivian R1T,True,2023-06-30 18:07:49
345,27,2024-08-20 13:06:17,battery_low,medium,Battery Low on Hyundai Kona EV,False,
346,6,2023-07-14 02:03:58,fault,critical,Fault on Nissan Leaf,True,2023-07-16 14:31:39
347,2,2023-05-16 09:55:48,battery_low,low,Battery Low on Volkswagen ID.3,True,2023-05-16 20:11:06
348,34,2024-06-02 22:08:38,charging_error,critical,Charging Error on Tesla Model 3,True,2024-06-05 06:04:31
349,47,2023-02-10 12:05:41,overtemp,medium,Overtemp on Hyundai Ioniq 6,False,
350,43,2023-11-14 00:11:45,battery_low,critical,Battery Low on BYD Tang,True,2023-11-16 16:02:07
351,41,2023-11-16 02:33:41,fault,critical,Fault on Volkswagen ID.3,True,2023-11-16 15:43:57
352,25,2024-02-26 16:20:13,charging_error,low,Charging Error on BMW iX,True,2024-02-27 02:54:39
353,31,2023-03-12 23:08:16,overtemp,low,Overtemp on BMW i3,False,
354,47,2023-03-13 04:19:07,charging_error,high,Charging Error on Hyundai Ioniq 6,True,2023-03-13 18:38:46
355,16,2024-08-11 04:11:28,overtemp,critical,Overtemp on Nissan Leaf,False,
356,6,2023-11-18 15:14:08,charging_error,low,Charging Error on Nissan Leaf,True,2023-11-21 03:46:02
357,43,2024-06-19 05:47:49,battery_low,low,Battery Low on BYD Tang,True,2024-06-20 18:34:11
358,34,2023-07-26 08:03:37,fault,medium,Fault on Tesla Model 3,True,2023-07-27 19:51:14
359,25,2023-12-09 09:08:27,battery_low,low,Battery Low on BMW iX,False,
360,25,2024-03-04 06:33:49,overtemp,medium,Overtemp on BMW iX,True,2024-03-05 15:07:21
361,32,2023-09-14 06:35:45,charging_error,low,Charging Error on Rivian R1S,True,2023-09-14 10:42:27
362,17,2023-03-01 20:51:49,maintenance,critical,Maintenance on Volkswagen ID.3,True,2023-03-04 18:49:00
363,37,2024-05-08 19:35:36,fault,high,Fault on BYD Tang,True,2024-05-11 05:24:34
364,20,2023-02-15 04:55:18,charging_error,low,Charging Error on Hyundai Kona EV,True,2023-02-16 00:30:32
365,40,2023-10-23 13:09:36,charging_error,high,Charging Error on Nissan Leaf,True,2023-10-25 23:10:30
366,24,2024-04-03 20:50:10,charging_error,low,Charging Error on BMW i3,True,2024-04-06 02:03:44
367,18,2024-05-13 21:35:55,overtemp,low,Overtemp on Volkswagen ID.3,True,2024-05-14 05:29:30
368,1,2023-05-19 05:48:15,overtemp,high,Overtemp on BMW i3,False,
369,2,2024-12-04 11:32:37,maintenance,low,Maintenance on Volkswagen ID.3,True,2024-12-05 19:15:11
370,41,2023-10-27 12:42:13,fault,low,Fault on Volkswagen ID.3,True,2023-10-28 07:36:26
371,36,2024-06-07 16:34:52,overtemp,low,Overtemp on Hyundai Ioniq 6,True,2024-06-07 20:04:09
372,8,2024-12-02 20:34:28,charging_error,low,Charging Error on Nissan Ariya,True,2024-12-05 03:51:58
373,38,2023-03-31 17:34:28,charging_error,medium,Charging Error on BYD Han,False,
374,25,2023-03-09 09:38:25,overtemp,medium,Overtemp on BMW iX,True,2023-03-09 22:10:49
375,38,2023-06-07 20:52:37,overtemp,medium,Overtemp on BYD Han,True,2023-06-08 00:29:34
376,28,2023-11-08 12:40:55,overtemp,high,Overtemp on Rivian R1T,True,2023-11-09 04:54:04
377,25,2024-05-29 12:33:20,overtemp,low,Overtemp on BMW iX,True,2024-06-01 12:29:10
378,14,2024-04-28 07:58:33,overtemp,medium,Overtemp on Hyundai Ioniq 6,True,2024-05-01 04:29:44
379,4,2024-12-13 02:33:50,maintenance,low,Maintenance on BMW iX,True,2024-12-13 04:10:31
380,7,2024-11-17 18:48:48,overtemp,critical,Overtemp on Volkswagen ID.4,True,2024-11-17 20:11:35
381,40,2024-03-26 11:42:35,battery_low,low,Battery Low on Nissan Leaf,True,2024-03-28 15:55:17
382,21,2023-07-01 09:27:27,maintenance,low,Maintenance on Volkswagen ID.3,True,2023-07-02 21:12:51
383,39,2024-03-03 21:17:03,battery_low,critical,Battery Low on Nissan Leaf,True,2024-03-05 22:59:43
384,2,2023-12-24 19:22:54,charging_error,high,Charging Error on Volkswagen ID.3,True,2023-12-24 21:37:05
385,31,2023-08-24 15:36:40,overtemp,low,Overtemp on BMW i3,False,
386,15,2023-11-26 20:14:06,fault,low,Fault on Volkswagen ID.3,True,2023-11-29 09:34:25
387,38,2023-04-30 20:48:55,charging_error,high,Charging Error on BYD Han,True,2023-05-01 09:38:57
388,49,2023-11-18 11:13:47,battery_low,low,Battery Low on BMW i3,True,2023-11-21 08:47:40
389,5,2024-01-29 18:11:41,fault,medium,Fault on Hyundai Kona EV,True,2024-01-30 22:05:44
390,11,2024-03-22 22:32:56,overtemp,low,Overtemp on Hyundai Ioniq 6,True,2024-03-24 05:23:46
391,29,2024-03-07 19:47:47,battery_low,low,Battery Low on Rivian R1T,True,2024-03-09 04:31:38
392,21,2024-12-03 07:15:58,maintenance,medium,Maintenance on Volkswagen ID.3,True,2024-12-04 21:12:37
393,27,2024-11-01 18:30:11,maintenance,high,Maintenance on Hyundai Kona EV,True,2024-11-03 02:25:34
394,3,2023-12-20 06:24:14,overtemp,low,Overtemp on BMW i3,False,
395,20,2024-05-29 16:19:37,maintenance,low,Maintenance on Hyundai Kona EV,True,2024-05-30 22:21:08
396,31,2024-01-02 01:57:23,overtemp,high,Overtemp on BMW i3,True,2024-01-02 14:46:39
397,40,2023-05-18 16:24:30,overtemp,low,Overtemp on Nissan Leaf,True,2023-05-21 12:29:24
398,31,2024-04-21 21:00:22,fault,high,Fault on BMW i3,True,2024-04-23 11:03:37
399,31,2023-01-06 04:05:31,charging_error,high,Charging Error on BMW i3,True,2023-01-06 09:48:50
400,46,2023-06-30 11:55:22,overtemp,high,Overtemp on Volkswagen ID.4,False,
401,47,2023-06-20 20:20:04,fault,high,Fault on Hyundai Ioniq 6,True,2023-06-22 18:36:49
402,34,2023-12-14 22:01:24,maintenance,high,Maintenance on Tesla Model 3,True,2023-12-14 23:28:50
403,29,2024-11-16 06:23:11,battery_low,medium,Battery Low on Rivian R1T,False,
404,40,2024-02-27 09:19:48,overtemp,medium,Overtemp on Nissan Leaf,False,
405,40,2023-12-05 20:52:49,battery_low,high,Battery Low on Nissan Leaf,True,2023-12-08 18:39:26
406,22,2024-11-26 07:05:49,charging_error,high,Charging Error on Hyundai Ioniq 5,True,2024-11-28 11:10:53
407,40,2024-02-01 04:40:48,overtemp,high,Overtemp on Nissan Leaf,True,2024-02-03 05:51:31
408,15,2024-10-21 11:17:57,maintenance,medium,Maintenance on Volkswagen ID.3,True,2024-10-23 08:30:05
409,7,2024-02-13 02:39:57,battery_low,low,Battery Low on Volkswagen ID.4,False,
410,43,2023-09-18 07:04:28,charging_error,medium,Charging Error on BYD Tang,True,2023-09-18 12:28:35
411,15,2024-10-03 21:31:42,overtemp,high,Overtemp on Volkswagen ID.3,True,2024-10-05 00:35:36
412,21,2023-06-24 13:58:35,battery_low,high,Battery Low on Volkswagen ID.3,True,2023-06-26 11:45:02
413,38,2023-09-11 03:05:04,battery_low,low,Battery Low on BYD Han,False,
414,12,2023-09-19 19:18:22,fault,low,Fault on Nissan Leaf,False,
415,23,2023-12-25 17:35:48,fault,medium,Fault on Rivian R1T,True,2023-12-27 15:19:48
416,6,2024-11-17 17:19:50,battery_low,low,Battery Low on Nissan Leaf,True,2024-11-19 01:06:57
417,38,2023-10-23 06:41:05,charging_error,low,Charging Error on BYD Han,True,2023-10-26 00:42:07
418,23,2024-12-09 14:40:20,charging_error,high,Charging Error on Rivian R1T,True,2024-12-10 06:03:10
419,49,2024-07-02 07:42:50,maintenance,low,Maintenance on BMW i3,True,2024-07-03 18:20:40
420,17,2023-07-04 23:21:02,charging_error,low,Charging Error on Volkswagen ID.3,True,2023-07-07 15:32:29
421,18,2024-08-07 07:09:58,battery_low,critical,Battery Low on Volkswagen ID.3,False,
422,45,2023-04-14 07:10:59,charging_error,medium,Charging Error on Tesla Model S,True,2023-04-15 08:50:35
423,27,2024-06-03 15:25:13,overtemp,critical,Overtemp on Hyundai Kona EV,True,2024-06-04 22:53:10
424,37,2024-03-01 07:40:35,charging_error,low,Charging Error on BYD Tang,False,
425,33,2024-04-28 05:16:29,overtemp,medium,Overtemp on Hyundai Ioniq 5,True,2024-04-29 02:48:23
426,3,2023-06-20 11:53:41,overtemp,high,Overtemp on BMW i3,True,2023-06-21 13:20:39
427,32,2024-06-06 10:43:32,charging_error,low,Charging Error on Rivian R1S,True,2024-06-09 06:47:44
428,33,2023-07-17 16:26:40,maintenance,low,Maintenance on Hyundai Ioniq 5,False,
429,7,2024-02-04 18:16:28,overtemp,medium,Overtemp on Volkswagen ID.4,True,2024-02-04 21:27:06
430,11,2024-04-15 16:23:28,charging_error,low,Charging Error on Hyundai Ioniq 6,True,2024-04-16 10:10:34
431,28,2024-10-18 18:59:04,fault,high,Fault on Rivian R1T,True,2024-10-20 11:33:56
432,35,2023-10-17 11:00:45,charging_error,critical,Charging Error on Nissan Ariya,False,
433,15,2023-02-05 19:26:40,overtemp,high,Overtemp on Volkswagen ID.3,True,2023-02-07 04:52:35
434,12,2024-03-04 09:48:52,maintenance,low,Maintenance on Nissan Leaf,True,2024-03-04 23:44:46
435,21,2023-08-22 03:28:43,charging_error,low,Charging Error on Volkswagen ID.3,True,2023-08-23 23:15:03
436,39,2024-08-13 15:54:36,battery_low,low,Battery Low on Nissan Leaf,False,
437,23,2024-02-14 00:02:58,overtemp,low,Overtemp on Rivian R1T,False,
438,32,2024-07-14 23:05:20,overtemp,medium,Overtemp on Rivian R1S,True,2024-07-15 01:12:18
439,3,2023-07-14 07:54:41,charging_error,medium,Charging Error on BMW i3,True,2023-07-16 13:42:56
440,10,2023-02-16 15:21:47,battery_low,high,Battery Low on Volkswagen ID.4,True,2023-02-18 20:28:21
441,35,2024-05-09 04:46:51,fault,medium,Fault on Nissan Ariya,True,2024-05-12 03:01:52
442,37,2024-12-05 00:25:32,maintenance,low,Maintenance on BYD Tang,True,2024-12-05 15:10:10
443,42,2023-06-14 20:42:01,maintenance,high,Maintenance on BYD Han,True,2023-06-16 06:31:09
444,4,2023-03-21 09:09:42,charging_error,low,Charging Error on BMW iX,True,2023-03-22 16:03:30
445,43,2024-01-19 07:50:04,fault,medium,Fault on BYD Tang,True,2024-01-20 23:23:59
446,28,2023-09-12 18:07:00,maintenance,medium,Maintenance on Rivian R1T,False,
447,14,2023-11-22 15:54:07,battery_low,critical,Battery Low on Hyundai Ioniq 6,False,
448,30,2023-05-12 23:59:42,fault,critical,Fault on Nissan Ariya,True,2023-05-15 11:03:13
449,2,2024-05-02 18:15:35,fault,low,Fault on Volkswagen ID.3,True,2024-05-03 01:08:33
450,37,2024-04-11 00:39:51,overtemp,high,Overtemp on BYD Tang,True,2024-04-12 01:50:29
451,15,2024-06-21 20:07:22,fault,critical,Fault on Volkswagen ID.3,True,2024-06-23 07:00:06
452,8,2023-07-10 02:51:51,fault,medium,Fault on Nissan Ariya,True,2023-07-10 09:46:31
453,42,2024-10-10 06:43:46,battery_low,low,Battery Low on BYD Han,True,2024-10-12 23:20:07
454,18,2023-05-20 14:26:53,maintenance,high,Maintenance on Volkswagen ID.3,True,2023-05-23 07:50:15
455,35,2023-05-15 23:37:52,fault,medium,Fault on Nissan Ariya,True,2023-05-16 14:47:33
456,11,2023-01-22 15:25:04,battery_low,high,Battery Low on Hyundai Ioniq 6,True,2023-01-23 23:31:14
457,40,2023-12-25 06:37:44,fault,critical,Fault on Nissan Leaf,True,2023-12-26 17:27:25
458,43,2024-02-21 06:16:47,battery_low,low,Battery Low on BYD Tang,True,2024-02-22 17:17:14
459,13,2023-08-28 10:11:22,fault,low,Fault on BMW iX,True,2023-08-28 14:04:47
460,27,2023-05-03 23:32:14,maintenance,medium,Maintenance on Hyundai Kona EV,True,2023-05-04 03:40:34
461,34,2023-10-09 19:02:17,fault,low,Fault on Tesla Model 3,True,2023-10-12 14:58:30
462,45,2023-07-20 11:01:33,overtemp,low,Overtemp on Tesla Model S,True,2023-07-20 17:57:56
463,13,2024-05-04 16:40:20,charging_error,critical,Charging Error on BMW iX,False,
464,40,2023-07-21 16:17:51,charging_error,low,Charging Error on Nissan Leaf,False,
465,48,2024-07-25 14:55:45,fault,medium,Fault on Tesla Model 3,True,2024-07-27 19:53:26
466,16,2023-09-14 16:05:40,charging_error,low,Charging Error on Nissan Leaf,True,2023-09-15 14:39:21
467,30,2024-07-07 10:03:17,charging_error,critical,Charging Error on Nissan Ariya,False,
468,9,2023-03-12 17:50:36,maintenance,medium,Maintenance on Nissan Leaf,True,2023-03-13 03:24:27
469,12,2024-05-28 01:17:01,battery_low,high,Battery Low on Nissan Leaf,True,2024-05-29 03:37:16
470,5,2024-05-30 01:19:04,overtemp,low,Overtemp on Hyundai Kona EV,False,
471,31,2024-01-12 22:07:59,charging_error,medium,Charging Error on BMW i3,False,
472,24,2023-12-19 13:19:51,maintenance,low,Maintenance on BMW i3,True,2023-12-22 03:57:02
473,33,2023-03-26 12:12:41,battery_low,low,Battery Low on Hyundai Ioniq 5,True,2023-03-28 04:08:42
474,44,2024-06-05 07:15:08,maintenance,high,Maintenance on Volkswagen ID.3,True,2024-06-07 21:31:05
475,7,2024-04-26 18:45:21,charging_error,low,Charging Error on Volkswagen ID.4,True,2024-04-29 17:01:32
476,21,2023-01-15 19:58:01,maintenance,low,Maintenance on Volkswagen ID.3,False,
477,44,2023-08-18 06:03:52,fault,medium,Fault on Volkswagen ID.3,True,2023-08-19 13:29:35
478,46,2023-09-28 21:02:49,charging_error,high,Charging Error on Volkswagen ID.4,True,2023-10-01 19:08:26
479,48,2023-02-14 04:53:55,maintenance,high,Maintenance on Tesla Model 3,True,2023-02-15 03:25:53
480,33,2024-09-29 09:47:55,battery_low,low,Battery Low on Hyundai Ioniq 5,True,2024-10-02 05:59:34
481,7,2023-12-21 11:02:16,fault,critical,Fault on Volkswagen ID.4,False,
482,37,2023-06-12 13:52:54,maintenance,medium,Maintenance on BYD Tang,True,2023-06-14 18:54:53
483,10,2023-12-13 15:05:09,fault,medium,Fault on Volkswagen ID.4,True,2023-12-14 10:16:24
484,45,2023-03-19 09:29:08,maintenance,low,Maintenance on Tesla Model S,True,2023-03-22 05:38:40
485,15,2023-10-22 05:03:25,overtemp,high,Overtemp on Volkswagen ID.3,True,2023-10-24 06:48:11
486,44,2024-03-20 01:38:12,charging_error,medium,Charging Error on Volkswagen ID.3,True,2024-03-22 20:25:09
487,22,2024-07-30 01:02:03,overtemp,medium,Overtemp on Hyundai Ioniq 5,True,2024-08-01 03:02:31
488,24,2023-10-03 16:55:12,overtemp,high,Overtemp on BMW i3,True,2023-10-04 18:07:57
489,21,2023-10-04 18:08:51,battery_low,low,Battery Low on Volkswagen ID.3,True,2023-10-05 20:21:07
490,12,2024-09-05 04:44:10,maintenance,medium,Maintenance on Nissan Leaf,False,
491,42,2024-01-01 19:50:25,maintenance,critical,Maintenance on BYD Han,True,2024-01-04 05:51:32
492,13,2024-02-10 22:30:03,battery_low,high,Battery Low on BMW iX,True,2024-02-11 06:48:07
493,22,2023-10-15 14:45:17,fault,medium,Fault on Hyundai Ioniq 5,True,2023-10-16 05:50:45
494,17,2023-07-25 05:03:49,battery_low,low,Battery Low on Volkswagen ID.3,True,2023-07-27 07:04:09
495,16,2024-10-11 10:00:29,overtemp,medium,Overtemp on Nissan Leaf,False,
496,1,2023-09-09 19:03:51,overtemp,low,Overtemp on BMW i3,False,
497,16,2023-08-24 05:02:02,fault,low,Fault on Nissan Leaf,True,2023-08-24 07:20:11
498,21,2023-11-16 04:23:07,overtemp,medium,Overtemp on Volkswagen ID.3,True,2023-11-17 10:06:17
499,13,2024-11-05 16:00:56,overtemp,critical,Overtemp on BMW iX,True,2024-11-08 00:12:47
500,30,2023-01-10 04:56:29,battery_low,critical,Battery Low on Nissan Ariya,True,2023-01-12 05:11:36
501,2,2023-12-22 18:41:07,battery_low,low,Battery Low on Volkswagen ID.3,True,2023-12-23 00:53:39
502,44,2023-01-22 12:56:58,charging_error,medium,Charging Error on Volkswagen ID.3,True,2023-01-23 05:01:57
503,1,2024-07-07 08:08:26,charging_error,critical,Charging Error on BMW i3,False,
504,21,2023-05-04 07:55:22,battery_low,low,Battery Low on Volkswagen ID.3,False,
505,23,2024-04-16 04:47:14,maintenance,low,Maintenance on Rivian R1T,False,
506,21,2024-10-03 23:47:28,maintenance,low,Maintenance on Volkswagen ID.3,True,2024-10-04 11:37:57
507,39,2023-08-02 00:18:08,battery_low,low,Battery Low on Nissan Leaf,True,2023-08-02 17:28:17
508,36,2024-12-26 23:31:23,overtemp,low,Overtemp on Hyundai Ioniq 6,True,2024-12-29 14:35:58
509,39,2023-04-12 07:16:34,charging_error,medium,Charging Error on Nissan Leaf,True,2023-04-13 07:27:26
510,8,2023-07-17 05:08:20,fault,low,Fault on Nissan Ariya,True,2023-07-19 18:11:35
511,5,2023-07-08 23:30:05,fault,high,Fault on Hyundai Kona EV,True,2023-07-09 00:56:58
512,39,2024-08-13 14:51:42,charging_error,low,Charging Error on Nissan Leaf,True,2024-08-14 20:08:16
513,48,2024-03-07 02:21:45,maintenance,medium,Maintenance on Tesla Model 3,True,2024-03-07 20:42:02
514,18,2023-10-14 06:57:43,charging_error,low,Charging Error on Volkswagen ID.3,False,
515,21,2023-12-10 14:02:58,overtemp,low,Overtemp on Volkswagen ID.3,True,2023-12-11 12:52:13
516,26,2024-02-07 19:00:24,overtemp,medium,Overtemp on BYD Atto 3,True,2024-02-09 15:06:10
517,48,2023-03-18 20:07:17,maintenance,low,Maintenance on Tesla Model 3,True,2023-03-20 00:02:15
518,48,2023-04-19 15:16:12,maintenance,medium,Maintenance on Tesla Model 3,True,2023-04-20 09:34:31
519,29,2024-01-02 13:59:00,overtemp,high,Overtemp on Rivian R1T,False,
520,39,2023-05-17 04:47:19,charging_error,high,Charging Error on Nissan Leaf,True,2023-05-20 00:18:40
521,25,2024-11-26 12:54:49,charging_error,low,Charging Error on BMW iX,True,2024-11-27 14:03:17
522,2,2023-10-19 22:35:27,battery_low,low,Battery Low on Volkswagen ID.3,True,2023-10-21 16:30:23
523,5,2023-03-06 09:03:53,battery_low,high,Battery Low on Hyundai Kona EV,True,2023-03-06 23:36:26
524,13,2023-12-22 19:52:22,charging_error,critical,Charging Error on BMW iX,True,2023-12-23 07:49:25
525,17,2024-02-02 22:09:46,overtemp,critical,Overtemp on Volkswagen ID.3,True,2024-02-05 02:54:00
526,7,2023-01-06 12:25:38,battery_low,medium,Battery Low on Volkswagen ID.4,True,2023-01-07 09:14:30
527,46,2024-02-20 17:22:10,charging_error,high,Charging Error on Volkswagen ID.4,True,2024-02-22 20:09:18
528,43,2023-11-03 12:33:52,overtemp,low,Overtemp on BYD Tang,True,2023-11-05 03:08:16
529,18,2023-12-02 11:46:27,charging_error,medium,Charging Error on Volkswagen ID.3,True,2023-12-03 02:11:04
530,50,2024-10-24 22:23:25,fault,low,Fault on BYD Han,True,2024-10-27 06:05:04
531,9,2023-09-22 07:03:04,fault,high,Fault on Nissan Leaf,True,2023-09-22 18:10:16
532,39,2023-06-21 19:02:05,battery_low,low,Battery Low on Nissan Leaf,True,2023-06-22 18:02:06
533,39,2024-08-04 04:46:14,battery_low,medium,Battery Low on Nissan Leaf,False,
534,21,2024-04-03 15:13:22,maintenance,high,Maintenance on Volkswagen ID.3,True,2024-04-04 05:05:10
535,22,2024-11-18 07:07:24,maintenance,critical,Maintenance on Hyundai Ioniq 5,True,2024-11-21 02:26:39
536,49,2024-04-15 05:19:53,charging_error,low,Charging Error on BMW i3,True,2024-04-16 16:15:37
537,9,2024-10-28 21:39:22,overtemp,medium,Overtemp on Nissan Leaf,True,2024-10-28 22:57:04
538,47,2024-07-07 06:29:39,maintenance,high,Maintenance on Hyundai Ioniq 6,True,2024-07-08 16:16:03
539,37,2024-08-10 12:21:17,battery_low,medium,Battery Low on BYD Tang,True,2024-08-11 01:13:48
540,50,2024-10-10 10:12:02,charging_error,low,Charging Error on BYD Han,True,2024-10-12 05:29:20
541,35,2023-04-30 00:36:03,maintenance,low,Maintenance on Nissan Ariya,True,2023-05-02 10:32:36
542,6,2023-12-02 02:38:41,charging_error,high,Charging Error on Nissan Leaf,True,2023-12-03 12:08:35
543,25,2024-02-23 08:31:43,fault,critical,Fault on BMW iX,True,2024-02-24 21:07:29
544,27,2023-04-25 22:22:09,battery_low,medium,Battery Low on Hyundai Kona EV,True,2023-04-27 11:42:26
545,22,2024-06-28 18:25:40,overtemp,high,Overtemp on Hyundai Ioniq 5,True,2024-06-29 22:17:52
546,39,2023-04-22 05:00:35,overtemp,medium,Overtemp on Nissan Leaf,True,2023-04-23 03:55:25
547,20,2023-03-08 09:33:14,battery_low,high,Battery Low on Hyundai Kona EV,False,
548,34,2023-06-10 14:25:13,maintenance,medium,Maintenance on Tesla Model 3,True,2023-06-11 13:47:54
549,29,2024-03-24 19:50:11,overtemp,critical,Overtemp on Rivian R1T,True,2024-03-26 20:00:56
550,49,2024-06-06 07:10:04,charging_error,critical,Charging Error on BMW i3,True,2024-06-06 23:43:02
551,16,2023-01-16 06:03:21,overtemp,high,Overtemp on Nissan Leaf,True,2023-01-16 22:24:51
552,15,2023-05-14 23:19:06,battery_low,low,Battery Low on Volkswagen ID.3,True,2023-05-17 19:52:16
553,37,2023-03-05 07:50:40,maintenance,high,Maintenance on BYD Tang,True,2023-03-07 06:43:21
554,23,2024-06-04 06:44:53,overtemp,high,Overtemp on Rivian R1T,True,2024-06-06 09:12:07
555,46,2024-03-25 03:47:12,overtemp,high,Overtemp on Volkswagen ID.4,True,2024-03-25 04:49:08
556,34,2023-05-16 22:24:50,battery_low,high,Battery Low on Tesla Model 3,True,2023-05-19 12:49:39
557,12,2024-01-21 22:10:13,battery_low,high,Battery Low on Nissan Leaf,True,2024-01-24 00:14:53
558,43,2023-12-20 20:45:22,battery_low,medium,Battery Low on BYD Tang,True,2023-12-22 13:46:32
559,33,2024-11-19 17:51:37,overtemp,low,Overtemp on Hyundai Ioniq 5,True,2024-11-22 11:19:46
560,12,2024-01-18 18:10:37,overtemp,low,Overtemp on Nissan Leaf,True,2024-01-20 11:44:20
561,25,2023-03-26 14:20:42,overtemp,low,Overtemp on BMW iX,False,
562,5,2023-11-13 09:08:45,maintenance,low,Maintenance on Hyundai Kona EV,True,2023-11-13 18:20:41
563,34,2024-04-10 07:03:45,charging_error,medium,Charging Error on Tesla Model 3,True,2024-04-11 16:33:45
564,7,2024-03-28 01:40:45,charging_error,medium,Charging Error on Volkswagen ID.4,True,2024-03-29 16:35:11
565,49,2024-09-01 00:46:20,maintenance,medium,Maintenance on BMW i3,True,2024-09-01 06:40:23
566,49,2024-08-23 22:44:23,battery_low,low,Battery Low on BMW i3,True,2024-08-26 19:45:25
567,40,2024-11-19 21:12:48,battery_low,high,Battery Low on Nissan Leaf,True,2024-11-22 18:38:15
568,28,2023-09-03 23:55:15,charging_error,medium,Charging Error on Rivian R1T,True,2023-09-05 04:06:06
569,44,2024-04-02 20:28:10,overtemp,medium,Overtemp on Volkswagen ID.3,True,2024-04-05 19:21:19
570,25,2024-02-01 21:35:42,maintenance,critical,Maintenance on BMW iX,True,2024-02-04 09:37:38
571,41,2024-01-27 04:30:08,fault,low,Fault on Volkswagen ID.3,True,2024-01-29 12:10:04
572,43,2024-08-05 21:45:08,maintenance,critical,Maintenance on BYD Tang,False,
573,6,2024-07-23 18:26:37,fault,low,Fault on Nissan Leaf,True,2024-07-25 01:55:57
574,31,2023-11-13 19:45:52,maintenance,high,Maintenance on BMW i3,True,2023-11-16 18:52:43
575,5,2024-08-22 17:34:31,fault,critical,Fault on Hyundai Kona EV,True,2024-08-22 23:05:50
576,50,2024-12-04 22:35:47,fault,medium,Fault on BYD Han,True,2024-12-07 10:09:48
577,32,2023-10-19 02:04:30,fault,low,Fault on Rivian R1S,True,2023-10-21 22:45:26
578,50,2024-02-12 02:50:12,fault,medium,Fault on BYD Han,True,2024-02-12 16:42:14
579,34,2024-12-06 12:15:46,maintenance,medium,Maintenance on Tesla Model 3,True,2024-12-07 02:16:46
580,25,2023-07-24 10:08:32,maintenance,low,Maintenance on BMW iX,True,2023-07-24 16:42:08
581,48,2023-07-05 07:15:04,battery_low,high,Battery Low on Tesla Model 3,True,2023-07-08 05:43:56
582,21,2023-04-05 20:18:06,maintenance,low,Maintenance on Volkswagen ID.3,True,2023-04-06 12:52:05
583,45,2023-06-28 22:05:42,maintenance,high,Maintenance on Tesla Model S,False,
584,4,2024-06-12 01:18:21,fault,low,Fault on BMW iX,True,2024-06-13 18:09:19
585,49,2023-05-27 20:52:22,battery_low,high,Battery Low on BMW i3,False,
586,1,2023-03-26 02:23:53,fault,medium,Fault on BMW i3,True,2023-03-27 22:18:20
587,2,2023-11-26 19:30:13,charging_error,low,Charging Error on Volkswagen ID.3,True,2023-11-27 01:13:07
588,29,2024-04-21 00:05:26,overtemp,high,Overtemp on Rivian R1T,False,
589,3,2023-05-19 03:26:46,fault,critical,Fault on BMW i3,True,2023-05-20 21:22:43
590,27,2023-02-01 22:02:19,fault,critical,Fault on Hyundai Kona EV,False,
591,4,2023-06-28 16:47:56,fault,medium,Fault on BMW iX,True,2023-06-29 06:34:23
592,29,2024-07-18 06:42:16,maintenance,low,Maintenance on Rivian R1T,True,2024-07-20 11:46:36
593,15,2024-10-05 02:26:45,maintenance,critical,Maintenance on Volkswagen ID.3,True,2024-10-05 07:12:38
594,7,2024-03-10 18:54:09,maintenance,low,Maintenance on Volkswagen ID.4,True,2024-03-13 02:41:29
595,11,2023-07-08 08:52:42,overtemp,high,Overtemp on Hyundai Ioniq 6,True,2023-07-11 01:22:53
596,47,2023-05-22 17:01:19,fault,medium,Fault on Hyundai Ioniq 6,True,2023-05-25 02:55:23
597,5,2023-01-30 02:39:14,fault,medium,Fault on Hyundai Kona EV,True,2023-01-30 08:39:35
598,36,2024-11-12 20:10:42,overtemp,medium,Overtemp on Hyundai Ioniq 6,True,2024-11-15 08:40:28
599,45,2024-10-28 05:56:31,overtemp,low,Overtemp on Tesla Model S,True,2024-10-28 20:44:12
600,34,2024-10-30 19:39:28,fault,low,Fault on Tesla Model 3,True,2024-10-31 08:57:01
